0,0,0,0,0,0
0.0,0.0,0.0,0.0,0.0,0.0
-2.8480032689124963e-22,0.000643093788338521,-0.000718421261356448,7.532747301792747e-05,-4.557894862634086e-23,-1.0658851459223083e-19
-4.107169817355543e-08,0.001929281365015563,-0.002155263784069344,0.00022596864480976678,-4.107169817355471e-08,1.3774244015483939e-08
-2.875018577246538e-07,0.003858561481891223,-0.004310523355126442,0.00045186545357328746,-2.875018577246527e-07,9.641966193392539e-08
-1.0267914591020333e-06,0.006430926161189606,-0.007184173614266454,0.0007529030982730716,-1.0267914591020314e-06,3.443548037798582e-07
-2.669650217382422e-06,0.009646350402352247,-0.010776132635568918,0.0011288869195431352,-2.6696502173824e-06,8.953136735394042e-07
-5.7499783348009454e-06,0.013504777081016016,-0.015086214035969632,0.0015795086286753569,-5.74997833480059e-06,1.9283262782607422e-06
-1.0924822952438362e-05,0.018006097051654023,-0.020114062644912504,0.0021043019197112497,-1.0924822952434743e-05,3.663673547196865e-06
-1.897429239709071e-05,0.023150124480422564,-0.02585907481421752,0.002702587533650792,-1.897429239706948e-05,6.3628001438907226e-06
-3.080140703943428e-05,0.028936567459462624,-0.03232030352132465,0.003373407897230954,-3.0801407039328924e-05,1.0328164629625504e-05
-4.743186147105446e-05,0.03536499399067152,-0.03949634852953884,0.0041154515363578765,-4.743186147061396e-05,1.5903002503269375e-05
-7.001366889522093e-05,0.04243479347795855,-0.047385232022385405,0.004926967570469086,-7.001366889363586e-05,2.3470973935472198e-05
-9.9816655281864e-05,0.050145133934070704,-0.05598426033139704,0.005805670732589002,-9.981665527682783e-05,3.345566466643334e-05
-0.0001382317681858986,0.058494915192551726,-0.06528987263184878,0.006748637533375316,-0.00013823176817146461,4.631990571849718e-05
-0.00018677016344838094,0.06748271851786397,-0.0752974777912727,0.00775219439737273,-0.000186770163410434,6.256487550173738e-05
-0.00024706203262053625,0.0771067531267138,-0.08600128092023188,0.008811798845397041,-0.0002470620325278221,8.272894681593408e-05
-0.000320855135239983,0.08736480026939605,-0.0973941015892143,0.009921915075362902,-0.000320855135027281,0.0001073862414617242
-0.00041001300343677715,0.09825415566807424,-0.10946718613029849,0.011075885598750402,-0.0004100130029747807,0.00013714485697239448
-0.0005165127921385889,0.10977157126396718,-0.12221001692257445,0.012265800911478308,-0.0005165127911821462,0.00017264473367041642
-0.0006424427567201651,0.12191319737991342,-0.13561012204517603,0.013482369502443739,-0.0006424427548224598,0.00021455513611599113
-0.0007899993515520871,0.13467452654904957,-0.1496528891438928,0.01471479081256706,-0.0007899993479267971,0.0002635717312625688
-0.0009614839576521657,0.14805034038268342,-0.16432138776352548,0.015950634030262444,-0.0009614839509582694,0.0003204132563775522
-0.0011592992654312416,0.16203466093764798,-0.17959620471066293,0.017175725821327523,-0.0011592992534455759,0.0003858177829903788
-0.0013859453589990126,0.17662070808152858,-0.19545529719019933,0.018374050216299568,-0.0013859453381295087,0.0004605385985734754
-0.00164401557100297,0.19180086432961033,-0.21187386846422696,0.01952766389090032,-0.001644015535580309,0.0005453397449039087
-0.0019361922005478739,0.20756664852849926,-0.22882427057924612,0.020616629952975918,-0.0019361921418146937,0.0006409912704193505
-0.002265242210117861,0.22390869957992926,-0.24627593827161712,0.02161897307612034,-0.0022652421148122532,0.0007482642724672135
-0.0026340130390879006,0.24081677113123426,-0.26419535748056855,0.022510658388821356,-0.002634012887491412,0.0008679258230540409
-0.0030454286897119436,0.2582797378098848,-0.2825460709797325,0.023265595943025616,-0.003045428453001351,0.0010007338873126092
-0.0035024862547551674,0.2762856131594098,-0.30128872250981525,0.023855671865393696,-0.0035024858914617157,0.001147432356169774
-0.004008253062708603,0.2948215789616877,-0.3203811395058583,0.02425080646985157,-0.004008252514047986,0.0013087463224665695
-0.004565864615645752,0.3138740251316312,-0.3397784531313906,0.02441903872541788,-0.004565863799436741,0.0014853777321258278
-0.005178523485626014,0.33342859887549187,-0.3594332529422492,0.024326635582131155,-0.005178522288465183,0.0016780015383000679
-0.005849499318129301,0.35347026134662635,-0.37929577219621585,0.02393822381836474,-0.005849497585433595,0.0018872624766214543
-0.006582130066025094,0.37398334964509605,-0.39931409869087314,0.023216941342045057,-0.006582127589492885,0.0021137725640612247
-0.007379824546414323,0.3949516417182308,-0.4194344051304806,0.022124604306398524,-0.007379821048388685,0.002358109403310865
-0.008246066377276658,0.4163584215493553,-0.43960119245315965,0.020621886025475003,-0.008246061491421547,0.0026208153502525217
-0.009184419313543343,0.43818654198284046,-0.45975753932645114,0.018668503516923417,-0.009184412561163386,0.0029023975755092255
-0.01019853396550114,0.46041848262649754,-0.4798453511475506,0.01622340756185358,-0.010198524726748029,0.0032033290239028185
-0.011292155848759583,0.4830364004877543,-0.49980560234074994,0.013244972438345794,-0.01129214332787136,0.0035240502495038017
-0.0124691346865543,0.5060221713198123,-0.5195785664804239,0.009691181924679132,-0.012469117870166732,0.0038649720802369503
-0.013733434863658273,0.5293574200534586,-0.5391040297165126,0.005519808737403876,-0.01373341247110816,0.004226479045788087
-0.015089146917861016,0.5530235391412925,-0.5583214840637345,0.0006885852182594672,-0.015089117342267469,0.004608933486515821
-0.01654049995055834,0.5770016941153587,-0.5771702982566292,-0.0048446362382265264,-0.016540461189317384,0.005012680249454775
-0.01809187484271308,0.6012728161303922,-0.5955898649964817,-0.011121733865035972,-0.018091824415870133,0.005438051870149475
-0.01974781817618571,0.6258175817112989,-0.6135197244610971,-0.018184178557935474,-0.019747753030956303,0.005885374135490036
-0.021513056782867385,0.650616380328954,-0.6308996648672656,-0.02607290699955578,-0.021512973182354664,0.006354971922196039
-0.023392512874787504,0.6756492707827665,-0.6476698016380199,-0.03482820520061851,-0.023392406268690647,0.006847175207232332
-0.025391319747099027,0.7008959276673278,-0.6637706373179598,-0.0444896014981437,-0.02539118462191424,0.00736232514931019
-0.027514838092439094,0.7263355794443319,-0.6791431047995188,-0.05509576787900514,-0.027514667798317113,0.007900780143833754
-0.029768673019753847,0.7519469398341003,-0.6937285966819284,-0.0666844284354583,-0.029768459570786734,0.00846292175639622
-0.03215869193370178,0.7777081343902457,-0.7074689837016946,-0.0792922737944781,-0.03215842577795704,0.00904916044155295
-0.03469104350295488,0.8035966242344105,-0.7203066251726925,-0.09295488047855353,-0.03469071325804419,0.00965994095359851
-0.037372178028130296,0.829589129014076,-0.7321843742820314,-0.10770663433363187,-0.037371770177478156,0.01029574735411427
-0.040208869613971646,0.8556615512131936,-0.7430455809317131,-0.12358065738103814,-0.04020836815821717,0.010957107516947806
-0.04320824065718788,0.8817889039999504,-0.7528340946220592,-0.14060873769527346,-0.04320762671428742,0.01164459702498358
-0.04637778928256429,0.9079452448442685,-0.7614942696657224,-0.15882126215990755,-0.0463770406291346,0.012358842344620754
-0.04972542049708648,0.9341036171844068,-0.7689709748239933,-0.17824715219112608,-0.04972451104230184,0.013100523153416288
-0.053259481986249475,0.9602360024710106,-0.7752096092919902,-0.19891380272501424,-0.05325838116813639,0.013870373684043672
-0.056988805649600814,0.986313284971258,-0.7801561268474883,-0.2208470249224738,-0.056987477741805945,0.014669182933717368
-0.06092275616463712,1.0123052317782728,-0.7837570699412426,-0.24407099313638925,-0.06092115947960794,0.015497793572643402
-0.06507128807958806,1.0381804905450545,-0.785959615567765,-0.2686081966898172,-0.065069374051517,0.016357099367871424
-0.06944501316565116,1.0639066075521844,-0.786711634940315,-0.2944793969104348,-0.06944272529338705,0.01724804091996489
-0.07405528000583222,1.089450068830626,-0.7859617693319099,-0.3217035896318562,-0.07405255263212822,0.018171599488754693
-0.07891426805662459,1.11477636720354,-0.7836595249699574,-0.3502979729805178,-0.07891102495541151,0.01912878866036284
-0.08403509868308633,1.139850098295671,-0.7797553906261432,-0.38027791968821256,-0.08403125142074225,0.020120643579552806
-0.08943196592517424,1.1646350888002226,-0.774200982572253,-0.4116569523721768,-0.08942741195477437,0.02114820743770359
-0.09512028998310633,1.1890945606090433,-0.7669492229294542,-0.4444467191708435,-0.0951149104221092,0.022212514865247127
-0.1011168965786523,1.213191334822175,-0.7579545591797815,-0.4786569657757762,-0.10111055361009168,0.023314571825709427
-0.10744022540319412,1.2368880801767228,-0.7471732347896867,-0.514295498221003,-0.10743275922784662,0.024455331543654785
-0.11411057071405668,1.2601476110864018,-0.7345636235611986,-0.5513681287473917,-0.1141017959658681,0.025635665917882827
-0.12115035664612574,1.2829332412615133,-0.7200866434925255,-0.5898785946337793,-0.12114005816504529,0.026856331771724088
-0.1285844487391257,1.3052091997544468,-0.7037062695534232,-0.6298284370909798,-0.12857237657415924,0.028117931173372506
-0.1364405011813422,1.326941117163723,-0.6853901687070907,-0.6712168242205467,-0.13642636467207567,0.0294208649235117
-0.1447493357693281,1.3480965904516724,-0.6651104843913324,-0.714040298821759,-0.14473279652688867,0.03076527816433015
-0.1535453426927371,1.3686458350534954,-0.6428448008340751,-0.7582924288374875,-0.15352600627262591,0.032150996934607226
-0.16286688360715415,1.38856243209826,-0.6185773188262895,-0.8039633360971539,-0.16284428963985076,0.033577454421583997
-0.1727566619894303,1.4078241756677898,-0.5923002719053867,-0.8510390788224957,-0.1727302725164922,0.035043605717446615
-0.18326200144029278,1.4264140185807075,-0.5640156021207658,-0.8995008668505174,-0.183231187205476,0.03654783020658113
-0.1944349351258533,1.4443211029540877,-0.5337368928292145,-0.9493240983600222,-0.1943989596128221,0.0380878215037093
-0.20633195332873921,1.461541840616969,-0.5014915154583086,-1.0004772268779953,-0.20628995445309317,0.03966046647053444
-0.21901317476921958,1.4780809743717076,-0.46732287910772824,-1.0529205024615835,-0.21896414437696868,0.041261717763558955
-0.23254059617740006,1.493952500104303,-0.4312925669342674,-1.1066046866550496,-0.23248335795619365,0.04288646929941857
-0.24697493638565382,1.5091802600074025,-0.3934819960988538,-1.1614699208014254,-0.24690812357121342,0.04452845177892378
-0.26237044952945826,1.523797934190519,-0.35399305743535453,-1.217445028186428,-0.2622924850185676,0.04618017662170718
-0.2787670048762336,1.5378480841147217,-0.3129470193185807,-1.2744476317949534,-0.2786760881371437,0.04783297098605886
-0.29617886428775886,1.5513798899553901,-0.27048092221810227,-1.332385518329719,-0.29607297172346536,0.049477161004513666
-0.31458017898230456,1.5644453710038628,-0.22674093810156343,-1.3911595766713107,-0.3144570866757528,0.05110246674179534
-0.3338885710559017,1.577094307650226,-0.18187297673156888,-1.4506682507857218,-0.3337459098931357,0.05269865495044607
-0.3539503660695649,1.589368863504174,-0.13601234387052377,-1.5108126834813018,-0.35378571699567063,0.054256433737573356
-0.3745335129727302,1.60129986376948,-0.0892761832379711,-1.5715007295502559,-0.37434454226129343,0.05576845627528723
-0.39533522383580055,1.612907216901585,-0.04176359527715326,-1.6326473650340556,-0.3951198443122505,0.05723015917209418
-0.4160085062633302,1.624206179563044,0.006433062278308352,-1.6941696313092527,-0.4157650347427557,0.0586400890916883
-0.4362043337674202,1.635218687574235,0.0552069610226282,-1.7559766078858872,-0.43593160689250343,0.05999948432985271
-0.4556177021378333,1.6459859271387343,0.10441301468734848,-1.817958011591233,-0.4553151208005785,0.061311188326054845
-0.47402260628007675,1.6565769686795802,0.153851734550818,-1.879976590230063,-0.473690101609937,0.06257830161083515
-0.49128622063111904,1.6670899510355666,0.2032678283296134,-1.9418679928804357,-0.49092415966625186,0.0638030817774405
-0.5073624164734866,1.6776458190694512,0.25236366125726833,-2.0034482389692645,-0.5069714794432232,0.06498641033688438
-0.5222722205309387,1.6883774980999868,0.30082180029442745,-2.064525808281131,-0.5218532800899519,0.06612783325312721
-0.5360804404883183,1.6994181934992023,0.34832909596341755,-2.124914386804276,-0.5356344621092765,0.0672259661289279
-0.5488749870778199,1.7108915847000166,0.3945965631315032,-2.184443217742401,-0.5484029574845911,0.0682790129910342
-0.560751680356716,1.7229051816163177,0.4393724233293237,-2.2429636540966933,-0.5602545623312419,0.06928522126858894
-0.5718046203703744,1.7355468859123606,0.48244826571752836,-2.300351918108174,-0.5712833283207993,0.07024319535575681
-0.5821209452821565,1.7488841307623753,0.5236597284478638,-2.356508870664179,-0.581576335283736,0.07115206435278652
-0.5917785593813043,1.7629647739457501,0.5628835388093056,-2.411357837339878,-0.591211428346993,0.07201153529693893
-0.6008456476984656,1.77781899485809,0.6000325805851509,-2.46484143934773,-0.6002567377502577,0.07282187148278886
-0.6093811472718371,1.7934616305890796,0.6350502391197603,-2.516918136245881,-0.6087711526860924,0.07358382984263404
-0.6174356551938252,1.809894579807987,0.6679048330380485,-2.5675589311517135,-0.6168052302878626,0.07429858143865463
-0.625052476068158,1.8271090612216816,0.698584580138594,-2.616744479343129,-0.6244022430775741,0.07496762983755265
-0.6322686537307822,1.8450876250126966,0.7270932904194527,-2.6644626938087894,-0.6315992101627362,0.07559273520790874
-0.6391159158332583,1.8638058861725284,0.7534468202232482,-2.710706850227784,-0.6384278410447058,0.07617584747574652
-0.6456215058347354,1.8832339884257645,0.7776702340615546,-2.7554741448970166,-0.6449153667371536,0.07671904926638806
-0.6518089003001395,1.9033378266891507,0.7997955808779377,-2.798764638092865,-0.6510852561769012,0.0772245080371203
-0.6576984200402648,1.9240800627420689,0.8198601804367593,-2.8405805110140054,-0.6569578265077457,0.07769443626414486
-0.6633077475110353,1.945420968582746,0.8379053200416386,-2.8809255690054902,-0.6625507596772039,0.07813105843845039
-0.6686523634155389,1.967319128373911,0.8539752735591706,-2.9198049322935082,-0.6678795383004511,0.07853658372704884
-0.6737459144782906,1.9897320250573296,0.8681165688761913,-2.957224865123514,-0.6729578127653637,0.07891318333916351
-0.6786005228509179,2.0126165327964456,0.8803774438471166,-2.993192703502713,-0.6777977100391793,0.07926297183207935
-0.6832270460330684,2.035929331957531,0.8908074432690869,-3.0277168500298393,-0.6824100930603025,0.07958799176535848
-0.6876352947588682,2.0596272595863083,0.899457120021795,-3.0608068113373257,-0.6868047781644125,0.07989020125251393
-0.6918342150790547,2.0836676053161733,0.9063778122056602,-3.0924732594948403,-0.6909907167731736,0.08017146406452803
-0.6958320398673532,2.1080083603000137,0.9116214750807572,-3.1227281034545404,-0.6949761465717041,0.0804335420136
-0.6996364141731819,2.132608424995086,0.9152405520959326,-3.1515845604166928,-0.6987687165938806,0.0806780893941076
-0.703254498197889,2.157427780344386,0.9172878735575264,-3.1790572200167793,-0.7023755899890624,0.08090664928724067
-0.7066930511544026,2.1824276259881064,0.917816574753408,-3.20516209662171,-0.7058035277259365,0.08112065155188854
-0.7099584988501303,2.20757048851642,0.916880027821486,-3.2299166668910972,-0.7090589560686293,0.0813214123320308
-0.7130569874851441,2.2328203023650945,0.9145317834991465,-3.2533398912060942,-0.7121480203120385,0.08151013491398006
-0.7159944258626201,2.2581424656972566,0.9108255202464903,-3.2754522186707518,-0.7150766269680046,0.08168791176825631
-0.7187765179516656,2.2835038734597286,0.9058149992099432,-3.296275576211741,-0.7178504763369914,0.0818557276126457
-0.7214087875138474,2.308872929713646,0.8995540241695689,-3.315833342891998,-0.7204750871711433,0.08201446333636173
-0.7238965962971143,2.3342195412888813,0.892096406060751,-3.3341503109534965,-0.722955814927133,0.08216490063082153
-0.7262451571101932,2.359515094780431,0.8834959319318534,-3.3512526353477936,-0.7252978649168734,0.08230772718053872
-0.728459542914552,2.3847324188789303,0.8738063383355087,-3.3671677736285757,-0.7275063014885548,0.08244354227784442
-0.7305446929085446,2.4098457339983814,0.8630812891848195,-3.381924418092113,-0.7295860542084326,0.082572862737186
-0.7325054164289626,2.4348305911274246,0.8513743580623748,-3.395552421979855,-0.731541921864886,0.08269612899809871
-0.7343463953588389,2.4596638017840964,0.838739014869596,-3.408082721420088,-0.7333785749804003,0.08281371132003292
-0.7360721856069997,2.484323360898098,0.8252286165623443,-3.419547254598094,-0.7351005573942851,0.08292591598649258
-0.7376872181144346,2.508788364380321,0.8108964015487214,-3.429978879420105,-0.7367122873690137,0.08303299144988965
-0.7391957997447934,2.533038923068562,0.795795487137145,-3.439411290687548,-0.7382180585757723,0.08313513436171151
-0.7406021143307147,2.557056074662938,0.779978869226214,-3.447878937535295,-0.7396220412296414,0.0832324954446834
-0.7419102240735453,2.580821695186177,0.7634994232309283,-3.4554169416205696,-0.7409282835710731,0.0833251851743247
-0.7431240714304476,2.604318411423826,0.7464099050505086,-3.462061016286748,-0.7421407138271104,0.08341327924647016
-0.744247481568904,2.627529515717917,0.7287629507095627,-3.467847386676923,-0.7432631427321114,0.08349682381485656
-0.7452841654231691,2.650438884404306,0.7106110731552654,-3.47281271054385,-0.7442992666425328,0.08357584048873243
-0.746237723349212,2.6730309010974134,0.692006654577774,-3.476993999303567,-0.7452526712425404,0.08365033108466471
-0.747111649343138,2.695290385934214,0.67300193254914,-3.4804285387172738,-0.7461268358058336,0.08372028212937721
-0.7479093357620619,2.7172025317891695,0.6536489782577665,-3.4831538084674127,-0.7469251379531993,0.08378566911169123
-0.7486340784651533,2.738752848359823,0.6339996651612984,-3.485207399826251,-0.7476508588241687,0.08384646048162461
-0.7492890822754831,2.7599271148954045,0.6141056265003999,-3.4866269306050026,-0.7483071885641457,0.08390262139365154
-0.749877466649934,2.780711342194484,0.5940182003173432,-3.4874499566235095,-0.7488972320150643,0.08395411718928167
-0.750402271434554,2.8010917443296908,0.5737883609122704,-3.4877138790579725,-0.7494240144877862,0.08400091661176058
-0.7508664625762401,2.8210547203661416,0.5534666360481478,-3.487455847207643,-0.7498904874879699,0.08404299474312915
-0.7512729376586037,2.8405868461256305,0.5331030096794483,-3.4867126564680295,-0.7502995342640965,0.0840803356514279
-0.7516245311304248,2.859674875813121,0.5127468105199322,-3.4855206416012443,-0.750653975046866,0.08411293473381855
-0.7519240190994624,2.8783057530705247,0.49244658736499675,-3.4839155657423926,-0.7509565718534885,0.08414080074013
-0.752174123572688,2.89646663076275,0.47224997272013364,-3.4819325059585884,-0.7512100327386209,0.0841639574610996
-0.7523775160363445,2.914144898542735,0.45220353692849885,-3.4796057365641695,-0.7514170153859531,0.08418244506659378
-0.7525368202854867,2.9313282169979593,0.4323526356014628,-3.4769686117684766,-0.7515801299505946,0.08419632108149863
-0.7526546144325429,2.9480045569644466,0.4127412536970565,-3.4740534495656368,-0.7517019410821774,0.08420566099081313
-0.7527334320473713,2.964162242419539,0.3934118500230938,-3.470891419043553,-0.7517849690814007,0.08421055847068268
-0.7527757624064731,2.9797899952445577,0.3744052062284591,-3.467512433468316,-0.7518316901677972,0.0842111252484866
-0.7527840498553975,2.994876980093504,0.35576028445878927,-3.4639450515716357,-0.7518445358627446,0.08420749060233251
-0.7527606923147403,3.0094128476209137,0.33751409777329383,-3.4602163894205074,-0.7518258915179865,0.08419980051801129
-0.7527080389851777,3.0233877744130413,0.3197015971426405,-3.4563520450763674,-0.7517780940448555,0.08418821652916261
-0.7526283873294252,3.036792498128625,0.3023555783830656,-3.4523760379609447,-0.7517034289217454,0.08417291427360063
-0.7525239794277343,3.0496183465802784,0.28550661175276926,-3.448310764452427,-0.7516041265760294,0.08415408180498463
-0.7523969978176283,3.0618572597622236,0.2691829961792964,-3.4441769707609984,-0.7514823582506631,0.08413191770388369
-0.7522495609374672,3.0735018041383015,0.25341073924625224,-3.4399937436057697,-0.7513402314745787,0.08410662903547676
-0.752083718296906,3.0845451788277303,0.23821356319460338,-3.4357785186673606,-0.7511797852594535,0.08407842920247649
-0.751901445495524,3.0949812136463937,0.22361293633854679,-3.4315471062539857,-0.7510029851436794,0.08404753574133401
-0.7517046392043649,3.1048043592614345,0.20962812850488347,-3.427313733123343,-0.7508117181978682,0.08401416810747639
-0.7514951122146002,3.1140096699821593,0.19627628841652198,-3.423091098972433,-0.7506077880957617,0.08397854549147103
-0.7512745886439651,3.122592779930119,0.18357254038313828,-3.418890445760562,-0.7503929103409284,0.08394088470291408
-0.7510446993760735,3.130549873499225,0.17153009725134846,-3.41472163777763,-0.7501687077241581,0.0839013981528692
-0.7508069777912123,3.1378776511306983,0.16016038630751586,-3.4105932502132728,-0.7499367060700439,0.0838602919592247
-0.7505628558307179,3.1445732914891176,0.14947318471252485,-3.406512663918873,-0.7496983303148125,0.08381776419276143
-0.7503136604213463,3.150634411139554,0.13947676106505366,-3.402486164074559,-0.74945490094184,0.08377400327536093
-0.7500606102717875,3.156059022798687,0.13017801981763358,-3.398519040564144,-0.7492076307870897,0.08372918653590215
-0.7498048130410943,3.160845493173165,0.12158264548426423,-3.3946156880072036,-0.74895762221437,0.08368347892419813
-0.7495472628685258,3.164992501315023,0.11369524385472937,-3.390779703583251,-0.7487058646500785,0.08363703187893831
-0.7492888382462496,3.1684989983250755,0.10651947774518279,-3.387013980992914,-0.748453232459064,0.08358998234209522
-0.7490303002104369,3.171364169128599,0.10005819514567513,-3.383320799121414,-0.7482004831373436,0.08354245190962932
-0.7487722908223906,3.173587396939655,0.09431354795512817,-3.379701904188894,-0.7479482557935182,0.08349454610654906
-0.7485153319092338,3.1751682309262708,0.08928709980878766,-3.3761585843812174,-0.7476970698886204,0.0834463537733829
-0.7482598240331225,3.176106357492101,0.084979921792326,-3.3726917361472206,-0.7474473242035445,0.08339794655080793
-0.7480060456586577,3.176401575503535,0.08139267509419107,-3.369301921519992,-0.7471992960039138,0.08334937844945704
-0.7477541524899108,3.176053775715786,0.07852567987050398,-3.3659894159686243,-0.7469531403739537,0.08330068549269329
-0.7475041769510226,3.1750629245875333,0.07637896978459927,-3.3627542464129516,-0.7467088896934649,0.08325188542130178
-0.7472560277874672,3.1734290526206372,0.07495233183824737,-3.3595962191384157,-0.7464664532351003,0.08320297745052098
-0.7470094897686528,3.1711522473181764,0.07424533123751297,-3.356514937433947,-0.746225616862697,0.08315394207154105
-0.7467642234763867,3.168232650818932,0.07425732113818678,-3.3535098088459634,-0.7459860428152559,0.08310474089147543
-0.746519765167792,3.1646704622375204,0.0749874371997768,-3.350580042000245,-0.7457472695651834,0.08305531650780926
-0.7462755267054053,3.1604659447145385,0.07643457694973141,-3.347724632994934,-0.7455087117435344,0.08300559241540144
-0.7460307955513664,3.1556194371580313,0.07859736402778779,-3.344942341416753,-0.7452696601291464,0.08295547294622858
-0.7457847348267388,3.1501313706340675,0.08147409745109793,-3.3422316560834253,-0.7450292817026627,0.08290484324417341
-0.745536383441034,3.144002289337897,0.08506268612100933,-3.3395907506728064,-0.7447866197704467,0.08285356927924385
-0.7452846563008527,3.1372328760459007,0.08936056888872793,-3.3370174294677772,-0.7445405941672131,0.0828014979076237
-0.7450283446101295,3.1298239819103055,0.09436462061575072,-3.3345090635296417,-0.7442900015497487,0.08274845698585769
-0.7447661162776464,3.121776660411663,0.10007104481137902,-3.332062517715194,-0.7440335157972597,0.08269425554920967
-0.7444965164501333,3.113092205226944,0.10647525360822334,-3.329674069076663,-0.7437696885365137,0.08263868406573883
-0.744217968191211,3.1037721917029253,0.11357173605037671,-3.3273393173313783,-0.7434969498118739,0.08258151477883749
-0.743928773327476,3.0938185215450047,0.121353915918983,-3.3250530882599127,-0.7432136089213518,0.08252250215177738
-0.7436271134829103,3.0832334702412982,0.12981400060500264,-3.322809331086787,-0.7429178554396901,0.08246138342811628
-0.7433110513213124,3.07201973664236,0.13894282285491616,-3.320601011113787,-0.7426077604479958,0.08239787932151603
-0.7429785320132946,3.060180494010878,0.14872967755433028,-3.318419999107494,-0.7422812779863074,0.0823316948475033
-0.742627384939365,3.047719441747271,0.1591621560655672,-3.3162569591822724,-0.7419362467404645,0.08226252030785862
-0.7422553256334868,3.034640856891681,0.17022598098287084,-3.3141012371574807,-0.7415703919675513,0.08219003243555528
-0.7418599579621602,3.0209496444071697,0.18190484449341723,-3.311940751590321,-0.7411813276548702,0.08211389570442204
-0.7414387765224705,3.006651385170962,0.19418025381087914,-3.3097618898784527,-0.7407665588958474,0.08203376380294879
-0.7409891692288001,2.9917523805491033,0.20703138735528315,-3.3075494119725013,-0.7403234844525706,0.08194928126592381
-0.7405084200422802,2.9762596924139517,0.22043496546160354,-3.3052863643204473,-0.7398493994591067,0.0818600852509842
-0.7399937117800425,2.960181177492192,0.23436513938417985,-3.302954006666733,-0.7393414982027883,0.08176580743985677
-0.7394421289235662,2.9435255150107626,0.24879340220226212,-3.3005317542341586,-0.7387968769029637,0.08166607603632377
-0.738850660327767,2.926302226744252,0.26368852490763767,-3.297997137615647,-0.7382125363891185,0.08156051782510784
-0.7382162017159216,2.9085216887615717,0.27901652046123643,-3.2953257823909823,-0.7375853845637873,0.08144876024833701
-0.7375355578311537,2.8901951344195975,0.2947406379461476,-3.2924914100632243,-0.7369122385213516,0.08133043344947506
-0.7368054441040965,2.8713346484498037,0.31082138813698607,-3.2894658613916783,-0.7361898261827465,0.08120517222904536
-0.7360224876894597,2.8519531523187167,0.3272166008809625,-3.286219142602727,-0.735414787299224,0.08107261785257039
-0.7351832277223145,2.8320643813978754,0.3438815136878383,-3.282719494314206,-0.7345836736764062,0.08093241964925943
-0.7342841146484066,2.8116828548340553,0.3607688899076994,-3.27893348234741,-0.7336929484733198,0.08078423634035467
-0.7333215084917066,2.7908238393440086,0.37782916389662485,-3.2748261089610673,-0.732738984439959,0.08062773703880217
-0.7322916759362982,2.769503308447955,0.3950106096911734,-3.2703609424620352,-0.7317180609707332,0.08046260186699483
-0.7311907861176643,2.7477378988826366,0.41225952898867246,-3.2655002626631755,-0.7306263598690292,0.08028852214652182
-0.7300149050391525,2.72554486608176,0.42952045370689196,-3.260205219298472,-0.729459959738731,0.08010520012278682
-0.7287599885512246,2.7029420406684963,0.44673635810450313,-3.254436000288094,-0.7282148289402579,0.07991234819754295
-0.7274218738521635,2.67994778786707,0.46384887539597175,-3.248152006679772,-0.7268868170696409,0.0797096876532891
-0.7259962694872732,2.6565809716107127,0.4807985139860866,-3.241312031173768,-0.7254716449374264,0.07949694686451907
-0.7244787438373871,2.6328609249099473,0.4975248688578858,-3.233874437352223,-0.7239648930378941,0.07927385900149435
-0.722864712094955,2.608807427761755,0.5139668242368624,-3.225797337056001,-0.7223619885064759,0.07904015924209896
-0.7211494217256318,2.5844406935436814,0.5300627443776855,-3.217038763753478,-0.7206581905628917,0.07879558151612916
-0.7193279364039022,2.559781364465891,0.5457506501260732,-3.207556840193018,-0.7188485744281309,0.07853985481392059
-0.7173951183918772,2.534850516267022,0.5609683797467461,-3.197309939091428,-0.7169280136840531,0.07827269909751403
-0.7153456093002071,2.5096696719531386,0.575653733331891,-3.186256836054606,-0.7148911610142651,0.07799382085773728
-0.713173809128404,2.4842608240070616,0.58974460087429,-3.174356854329255,-0.7127324272233859,0.07770290836487515
-0.7108738534281073,2.458646464148301,0.6031790747761638,-3.1615700013276666,-0.7104459583782005,0.07739962666432493
-0.7084395883662143,2.4328496194084046,0.61589554815047,-3.147857097140149,-0.7080256108477575,0.07708361237214806
-0.705864543384412,2.406893893005938,0.6278328007481285,-3.1331798954475256,-0.705464923939285,0.07675446832908837
-0.7031419010562663,2.380803508259563,0.638930074714209,-3.117501197371713,-0.7027570897316409,0.07641175817576686
-0.7002644636311214,2.354603353564296,0.6491271426484335,-3.1007849588634975,-0.6998949195963533,0.07605500091666106
-0.6972246156236409,2.3283190262706785,0.6583643706368251,-3.0829963922357875,-0.6968708067661469,0.0756836655463436
-0.6940142816565062,2.301976873143708,0.6665827790532562,-3.064102062423699,-0.693676684159797,0.0752971658184117
-0.6906248785886461,2.275604024931545,0.673724104026879,-3.044069978508527,-0.6903039764972854,0.0748948552456238
-0.6870472607590015,2.2492284224364125,0.6797308625614288,-3.022869681001605,-0.6867435455371178,0.07447602242891685
-0.6832716569422614,2.2228788313445156,0.6845464244047119,-3.000472325368623,-0.6829856270343385,0.07403988682306988
-0.6792875973437016,2.196584842930634,0.6881150939326586,-2.976850762308921,-0.679019757748682,0.07358559505759822
-0.6750838286501489,2.1703768575980216,0.6903822055657035,-2.9519796154128874,-0.6748346905223517,0.07311221794273608
-0.6706482147975925,2.1442860480361934,0.6912942366120733,-2.9258353570307984,-0.6704182950905005,0.0726187483017785
-0.6659676207071803,2.1183442985674676,0.6907989419720595,-2.8983963835269604,-0.6657574418786992,0.07210409978225968
-0.6610277757744938,2.0925841169954706,0.6888455158824262,-2.8696430915946736,-0.6608378655746933,0.07156710680906755
-0.6558131133671872,2.0670385149508372,0.6853847868773663,-2.8395579580030237,-0.6556440047316408,0.07100652585222508
-0.6503065819909093,2.0417408523350105,0.6803694534415671,-2.8081256260700744,-0.6501588130643267,0.07042103819021575
-0.6444894231257248,2.0167246409752866,0.6737543694825704,-2.775333003343052,-0.644363537441336,0.06980925435573503
-0.638340910028034,1.9920233020071998,0.6654968908004318,-2.7411693764464493,-0.6382374568677549,0.06916972045359349
-0.631838041067861,1.9676698707833251,0.655557296216554,-2.705626550857854,-0.631757576026129,0.06850092653848891
-0.6249551804927174,1.943696642272487,0.6438992999454767,-2.6686990254964704,-0.6248982662623358,0.06780131723059596
-0.6176636389978593,1.9201347489870446,0.6304906751024811,-2.6303842144369014,-0.6176308463882538,0.06706930472441229
-0.6099311863547455,1.8970136625306901,0.6153040117850608,-2.5906827307108293,-0.6099230955403381,0.06630328430266688
-0.6017214889795497,1.8743606090454175,0.5983176366256441,-2.5495987498562838,-0.6017386909565343,0.06550165238857267
-0.5929934673468307,1.8521998884336044,0.5795167234830056,-2.5071404732861042,-0.5930365655476842,0.06466282703428691
-0.583700572626946,1.830552087726391,0.5588946259675431,-2.4633207130922137,-0.5837701845994848,0.063785270516978
-0.5737899905791334,1.8094331811728512,0.5364544600299456,-2.4181576196127135,-0.5738867495751153,0.06286751334514736
-0.5632017963448728,1.7888535148350344,0.5122109560824133,-2.371675569419105,-0.5633263525740039,0.06190817839311938
-0.551868110726798,1.768816683703427,0.4861925807460557,-2.3239062219556335,-0.5520211319046265,0.06090600298095795
-0.5397123534675557,1.7493183275902393,0.4584438919303871,-2.274889734381928,-0.5398945241059766,0.05985985537737385
-0.5266487616590504,1.7303449025457456,0.4290280285705342,-2.2246760913514887,-0.5268607802992694,0.05876874029949974
-0.5125824547942002,1.7118725327929263,0.3980291363543155,-2.173326453232372,-0.5128250280477578,0.057631785451882876
-0.4974104973105494,1.693866120368752,0.3655543802485158,-2.1209143457332464,-0.49768432914699123,0.05644819813164584
-0.48102464643017895,1.6762789903511515,0.33173498411508373,-2.067526401019094,-0.48133042065053494,0.055217178075776294
-0.4633167703885854,1.6590534758378979,0.2967254730144278,-2.013262218235549,-0.46365512373685974,0.053937771713845645
-0.44418821978051576,1.64212297615866,0.26070002049036844,-1.958232763597313,-0.4445597028822706,0.05260865726229813
-0.42356455999038345,1.6254160908562891,0.223844648288298,-1.902556642378788,-0.42396958368871246,0.05122786552796778
-0.40141666332023224,1.6088633106193424,0.18634424973191965,-1.8463536806726843,-0.4018554296920922,0.04979247556443213
-0.37778764110211327,1.5924062308189166,0.1483644173289088,-1.7897357617999943,-0.37826006233113724,0.04829838242481797
-0.352821904797666,1.5760081437298723,0.11003025334950002,-1.7327959784647493,-0.3533275196441622,0.046740306623802866
-0.32678796694937773,1.559663218822108,0.07140763471016735,-1.6755988470985763,-0.32732587279368885,0.045112259789703305
-0.30008254522491506,1.5434000121054066,0.0324954039449052,-1.6181758958332726,-0.3006513697841665,0.04340861976013175
-0.2732044956808328,1.5272752457300096,-0.006763275263375668,-1.5605308958152997,-0.27380243032039886,0.04162573398334302
-0.24669683535592826,1.5113569719079067,-0.04644829159629548,-1.5026559687687908,-0.24732173706754126,0.03976361898450246
-0.22107095204247768,1.4957015489049517,-0.08661714904370586,-1.4445544284698053,-0.2217204975336529,0.03782709708899629
-0.19673826553037022,1.4803327453521469,-0.12726320995739865,-1.3862619898856954,-0.19741012146526007,0.035825865286545126
-0.17397126119129905,1.4652304092215034,-0.16829275899914103,-1.327858480398126,-0.1746632317558129,0.033773483614005465
-0.15290031259253067,1.4503311166261241,-0.2095261737850781,-1.269467143495983,-0.15361043953931758,0.0316857376233247
-0.13353729365603872,1.4355380104814324,-0.2507178916871417,-1.2112441366420503,-0.1342639039257371,0.02957895954529979
-0.1158108199156673,1.4207347479824297,-0.2915849438225194,-1.1533635014854067,-0.11655253062760872,0.02746870855746063
-0.09960063389390683,1.4057991347867838,-0.3318349393623581,-1.0960024115485358,-0.10035633003556842,0.025368940021705415
-0.08476466979359483,1.3906139454835578,-0.37118822792831285,-1.0393295305167627,-0.08553346863059712,0.023291608011115017
-0.07115736036239231,1.375074182770646,-0.40939259567232006,-0.983497394220689,-0.07193857243444604,0.021246576229144307
-0.058640443325245456,1.3590910866163681,-0.44623110500700214,-0.9286385054825772,-0.059433535688276404,0.019241716390189317
-0.04708835932619776,1.3425936389591613,-0.48152465013657103,-0.8748642904841193,-0.04789292359688514,0.017283103686935544
-0.03639018722444316,1.3255283620238196,-0.5151309449895741,-0.8222659713128028,-0.0372059130904906,0.015375250509462047
-0.026449581218744203,1.3078580855402526,-0.5469414122604097,-0.7709165379178682,-0.027276235102271052,0.013521343615240588
-0.017183685349709557,1.289560184942664,-0.576877070375159,-0.7208732069464456,-0.018021093509955465,0.011723466043391943
-0.008521620155750288,1.2706246297918182,-0.6048841565191491,-0.6721799564005005,-0.009369655429095989,0.009982795122804993
-0.00040287632767378213,1.2510520518079868,-0.6309299334983363,-0.6248698902982995,-0.0012614477618942896,0.008299773895122807
0.007224212791347489,1.2308519482893592,-0.6549989172456357,-0.5789673084078295,0.006355168038415237,0.006674256612034836
0.014403843691097793,1.2100410743305192,-0.6770896211638769,-0.5344894367767832,0.013524366696965839,0.005105630652479641
0.0211739367339812,1.1886420387387013,-0.6972118273769409,-0.4914478238639921,0.02028405180010648,0.0035929178847824866
0.02756715527288251,1.1666820967730565,-0.7153843474259074,-0.44984943364628427,0.02666687386456224,0.002134858593038339
0.03361176560882308,1.1441921220480393,-0.73163321279082,-0.4096974788065083,0.032701089482074584,0.0007299808679223968
0.0393323578097551,1.1212057359114793,-0.7459902290052682,-0.37099203977697076,0.0384112815046774,-0.0006233420000995658
0.04475044761942443,1.0977585724254513,-0.7584918292759606,-0.33373051301928847,0.043818960456618,-0.0019268439904643474
0.049884978037609745,1.0738876588631194,-0.7691781700301719,-0.29790792705917524,0.048943065721744096,-0.0031823269378415957
0.054752736826868056,1.0496308942366872,-0.7780924190132281,-0.26351715903861855,0.05380038273702575,-0.004391627829305217
0.0593687037905246,1.0250266111302706,-0.7852801949219312,-0.2305490787896132,0.05840589001858077,-0.005556591698523056
0.0637463394446835,1.0001132086804114,-0.7907891252980965,-0.19899264212990875,0.06277304762919532,-0.006679049236182926
0.06789782477505658,0.9749288467710032,-0.7946684961733037,-0.1688349504277014,0.066914036767785,-0.007760798419849192
0.07183426014272178,0.9495111933444104,-0.7969689726593715,-0.14006128952673547,0.0708399585371162,-0.008803589607565655
0.07556583005715403,0.9238972181921147,-0.7977423743611934,-0.11265515783661569,0.07456099860224312,-0.009809113645598335
0.07910193943069513,0.8981230277205807,-0.7970414932545555,-0.08659829071072231,0.07808656334935216,-0.010778992619194796
0.08245132602428863,0.8722237360458305,-0.794919944648567,-0.06187068607959467,0.08142539225141082,-0.011714772932729052
0.08562215305145045,0.8462333684083536,-0.7914320441676453,-0.038450634605072836,0.08458565040493608,-0.0126179204476696
0.08862208529337623,0.8201847933683952,-0.786632705458334,-0.01631475630004197,0.08757500458869834,-0.013489817437954578
0.09145835156617795,0.7941096805830932,-0.7805773546535366,0.00456195544132959,0.09040068568369086,-0.014331761146085609
0.09413779595047447,0.7680384812163586,-0.7733218585974786,0.02420608219072951,0.09306953986324015,-0.015144963742176953
0.0966669198276986,0.7420004282173753,-0.7649224645207839,0.04264572150932443,0.09558807059650436,-0.015930553504181124
0.09905191645416224,0.7160235538451539,-0.7554357493157547,0.05991042127574322,0.09796247319546358,-0.01668957705179929
0.10129869953379196,0.6901347219302022,-0.7449185768458053,0.0760311081261314,0.10019866336551263,-0.01742300247992804
0.10341292701642614,0.6643596724611058,-0.7334280618699234,0.09104001087387659,0.10230230098585344,-0.0181317232502754
0.10540002114523082,0.6387230761712909,-0.7210215392060004,0.1049705797418684,0.10427881014263787,-0.018816562712111413
0.10726518559990224,0.6132485968846307,-0.7077565367236305,0.11785740213318124,0.10613339626099497,-0.01947827913493452
0.10901342042846904,0.5879589594613946,-0.6936907506714033,0.12973611550693692,0.10787106102828553,-0.020117571146958134
0.11064953532684892,0.5628760212709162,-0.678882021726989,0.14064331773310976,0.10949661566732392,-0.020735083483526172
0.11217816170942134,0.5380208452065106,-0.6633883100298656,0.1506164750901121,0.11101469300246487,-0.02133141295862148
0.11360376391362116,0.5134137723538844,-0.6472676673347885,0.15969382785802852,0.11242975866124294,-0.021907114580338644
0.11493064979505078,0.4890744925291892,-0.6305782043268868,0.16791429326340102,0.11374612166778839,-0.022462707737412713
0.11616298089518533,0.465022111020113,-0.6133780510840933,0.17531736536277806,0.1149679446098611,-0.02299868238856682
0.11730478229995729,0.4412752099965642,-0.5957253086764356,0.18194301132523252,0.11609925349759409,-0.02351550518959697
0.11835995225312951,0.4178519032105063,-0.5776779899706029,0.18783156350097965,0.11714394737769636,-0.024013625494886007
0.11933227154240689,0.3947698827812224,-0.5592939478764,0.1930236066547069,0.11810580772093976,-0.024493481170672002
0.12022541263794675,0.3720464570661407,-0.5406307895406057,0.19755985980657317,0.11898850756249423,-0.024955504157233462
0.1210429485317833,0.349698578850658,-0.5217457753704164,0.20148105226621563,0.11979562034355899,-0.025400125716634022
0.12178836120237525,0.32774286335378894,-0.5026957022542817,0.20482779366661208,0.12053062837845549,-0.025827781302306486
0.12246504961087822,0.3061955958381979,-0.4835367709363547,0.207640438101411,0.12119693085376061,-0.026238914987112484
0.12307633712480932,0.28507272892859187,-0.46432443817714597,0.2099589428317532,0.12179785125514232,-0.02663398338816015
0.12362547826052557,0.2643898700736472,-0.4451132550731201,0.2118227224409457,0.12233664411332587,-0.027013459030131366
0.12411566463834257,0.24416225992237972,-0.42595669367847233,0.2132704997558547,0.12281650096303293,-0.027377833094603687
0.12455003005300695,0.2244047427119275,-0.40690696483164984,0.21434015529554964,0.12324055541762609,-0.02772761751114555
0.12493165457720995,0.20513173006366944,-0.38801483079003546,0.2150685774197715,0.1236118872771654,-0.028063346356916624
0.12526356763621924,0.18635715984101653,-0.3693294168689686,0.21549151569988792,0.12393352560796796,-0.02838557654498427
0.1255487500165209,0.16809445191819197,-0.3508980267183468,0.2156434402920334,0.1242084507565686,-0.028694887797188012
0.12579013479931211,0.15035646283024395,-0.3327659661106748,0.21555741022932948,0.12443959528891753,-0.02899188191452034
0.1259906072392221,0.13315544130979098,-0.3149763801293746,0.21526495354797046,0.12462984387517378,-0.029277181375811877
0.12615300363806256,0.11650298666039378,-0.2975701084215909,0.21479596201088916,0.12478203216986392,-0.029551427313040432
0.1262801092909896,0.1004100117711591,-0.28058556271960583,0.21417860289443438,0.12489894476474175,-0.02981527692779906
0.12637465560658115,0.08488671235000918,-0.2640586301616378,0.2134392498715193,0.12498331231579521,-0.030069400427376183
0.12643931652164128,0.06994254365790464,-0.24802260509535284,0.21260243448337734,0.1250378079651423,-0.03031447756967815
0.12647670434504912,0.05558620568198661,-0.2325081510782179,0.21169081907431236,0.12506504319205902,-0.03055119391324473
0.1264893651721506,0.0418256373140032,-0.2175432937584091,0.2107251914079592,0.1250675632345577,-0.030780236871534437
0.12647977401199498,0.02866801972440676,-0.20315344429124785,0.20972448052953482,0.1250478422237384,-0.031002291669461658
0.1264503297645584,0.016119788763936965,-0.1893614519783989,0.20870579282418425,0.12500827816798066,-0.031218037295118847
0.12640335017476828,0.004186655902146357,-0.17618768396101936,0.20768446667922813,0.12495118791372091,-0.031428142531238455
0.1263410668757272,-0.007126363059376488,-0.16365012909195795,0.20667414371245277,0.12487880219515556,-0.031633262139953156
0.12626562061626562,-0.017814912473078568,-0.15176452257976594,0.2056868541948863,0.12479326086795248,-0.03183403326162188
0.12617905674910784,-0.027875255652594005,-0.14054448764769784,0.2047331140806538,0.12469660840322074,-0.03203107207475468
0.12608332103670641,-0.037304229207492,-0.13000169027949887,0.20382203095566193,0.12459078969877371,-0.0322249707501981
0.12598025581323516,-0.04609919413876677,-0.1201460031148795,0.20296141622099412,0.12447764624616715,-0.03241629471943997
0.1258715965241493,-0.054257984904689166,-0.11098567468734016,0.202157900920699,0.12435891267492533,-0.03260558026472206
0.12575896864971986,-0.061778857602733134,-0.1025275004367864,0.20141705278866756,0.12423621368037684,-0.03279333242801667
0.12564388500637952,-0.068660438319508,-0.09477699224875942,0.2007434923058727,0.12411106132896174,-0.03298002322707664
0.12552774340972764,-0.0749016725872724,-0.08773854364154039,0.2001410058082297,0.12398485272488814,-0.03316609015980795
0.12541182467559808,-0.08050177676207451,-0.08141558811509957,0.19961265394933922,0.12385886801457892,-0.033351934973122596
0.12529729093053688,-0.08546019201287756,-0.0758107485691582,0.1991608740866039,0.12373426870029569,-0.033537922669093306
0.12518518420011282,-0.0897765414895975,-0.07092597607352856,0.19878757541190814,0.12361209623140518,-0.0337243807194759
0.1250764252423937,-0.09345059112553772,-0.0667626766192466,0.19849422588059296,0.1234932708406634,-0.03391159845927751
0.12497181259434612,-0.09648221442940583,-0.0633218247852326,0.19828193019917828,0.12337859059331746,-0.034099826630803236
0.12487202180055007,-0.09887136153568138,-0.06060406351777112,0.19815149831016846,0.12326873061845617,-0.034289277051289584
0.12477760479618019,-0.1006180327101271,-0.05860978943785571,0.19810350396052828,0.12316424249459804,-0.03448012237962626
0.12468898941944895,-0.10172225644930527,-0.0573392232659689,0.19813833306003778,0.12306555376474594,-0.03467249596059994
0.12460647903243545,-0.10218407226795828,-0.05679246508880416,0.19825622162908937,0.12297296755986084,-0.03486649172841556
0.1245302522332767,-0.10200351823439324,-0.05696953429292197,0.1984572832059571,0.12288666231375586,-0.035062164154842826
0.12446036264695899,-0.1011806232895663,-0.057870394062538466,0.19874152563520978,0.12280669155666744,-0.03525952823110513
0.12439673878633145,-0.09971540436814841,-0.05949496038941751,0.19910885719629132,0.12273298377913877,-0.03545855947650793
0.1243391839794124,-0.09760786832707988,-0.06184309557942819,0.19955908205916212,0.12266534236229341,-0.03565919397074214
0.12428737636353342,-0.09485801867651773,-0.06491458627021453,0.20009188507725567,0.12260344557504436,-0.03586132841076004
0.12424086895133324,-0.0914658670971478,-0.06870910600516693,0.2007068059518859,0.12254684664324453,-0.03606482019707461
0.1241990897780452,-0.08743144971407599,-0.07322616244803642,0.20140320283167015,0.12249497390020832,-0.03626948755824852
0.12416134214387588,-0.0827548480784776,-0.07846502937752987,0.20218020545045307,0.12244713103238072,-0.036475109726179365
0.12412680496949369,-0.07743621478150123,-0.08442466367926095,0.20303665796240683,0.12240249743814305,-0.036681427178503534
0.12409453328664898,-0.0714758035883797,-0.09110360766027932,0.20397105170792904,0.122360128721739,-0.03688814196796497
0.12406345888961569,-0.06487400393232008,-0.09849987715515457,0.20498144824268827,0.12231895734796455,-0.03709491816183575
0.12403239117632055,-0.05763137954591904,-0.10661083607731696,0.20606539308801572,0.12227779348643283,-0.0373013824173136
0.12400001821050967,-0.04974871093149777,-0.11543305829863573,0.20721982081615553,0.12223532607670033,-0.03750712472110874
0.12396490803784838,-0.04122704128051538,-0.12496217801558111,0.20844095226966045,0.12219012414707903,-0.037711699322989234
0.12392551028917323,-0.03206772534669575,-0.13519273008060148,0.20972418492967101,0.12214063842027506,-0.03791462589367475
0.12388015810289964,-0.02227248065948513,-0.14611798213798352,0.21106397768993795,0.12208520323777315,-0.038115390936926674
0.12382707039550313,-0.011843440337175853,-0.1577297607957851,0.2124537315565627,0.12202203883179656,-0.03831344948374423
0.12376435450371721,-0.000783206627351556,-0.17001827447608986,0.2138856680688271,0.12194925396839561,-0.03850822709301595
0.12369000921434804,0.01090509582714823,-0.18297193599643477,0.2153507075121853,0.12186484897747561,-0.038699122177599854
0.12360192818719946,0.023217768117424376,-0.19657718832236548,0.21683834925527248,0.12176671917517361,-0.03888550866747944
0.12349790376346566,0.03615048781195672,-0.2108183372667057,0.2183365567705266,0.12165265867086386,-0.03906673901231986
0.12337563113618777,0.04969826360028683,-0.22567739516393695,0.21983165007243996,0.12152036453532458,-0.0392421475145053
0.12323271284131246,0.06385539514696444,-0.24113393968523517,0.22130820840737833,0.12136744128855503,-0.0394110539707973
0.12306666350810667,0.07861543943600245,-0.2571649919494947,0.222748986033897,0.12119140564596953,-0.03957276758650701
0.12287491478701192,0.09397118479332521,-0.273744917900748,0.22413484382498583,0.12098969144104643,-0.039726591111089386
0.12265482035254562,0.10991463361274234,-0.29084535654339566,0.22544469919127283,0.12075965462206131,-0.0398718251290751
0.12240366085986368,0.12643699457787924,-0.3084351780457843,0.22665549646193564,0.12049857820156622,-0.04000777242611898
0.12211864871749153,0.14352868487160117,-0.32648047394667623,0.22774219937228768,0.12020367702119755,-0.04013374233760001
0.1217969325269236,0.16117934250510216,-0.3449445807513524,0.22867780670866383,0.11987210218261198,-0.04024905497759433
0.12143560103356695,0.1793778484963417,-0.3637881371246286,0.22943339147800557,0.11950094498914625,-0.04035304524000673
0.12103168643387352,0.19811235820262688,-0.3829691737323022,0.22997816323675316,0.11908724024318026,-0.04044506646184996
